{
  "engine_rpm": {
    "median": 19.0,
    "mad": 19.0,
    "scale": 28.1694,
    "p01": 0.0,
    "p99": 60.0,
    "n": 17031
  },
  "vehicle_speed": {
    "median": 18.82353,
    "mad": 1.960783,
    "scale": 2.907057,
    "p01": 15.686275,
    "p99": 29.019608,
    "n": 17031
  },
  "engine_load": {
    "median": 86.0,
    "mad": 2.0,
    "scale": 2.9652,
    "p01": 33.0,
    "p99": 91.0,
    "n": 17031
  },
  "coolant_temperature": {
    "median": -1.5625,
    "mad": 0.78125,
    "scale": 1.158281,
    "p01": -5.46875,
    "p99": 3.90625,
    "n": 17031
  },
  "short_term_fuel_trim": {
    "median": 31.0,
    "mad": 6.0,
    "scale": 8.8956,
    "p01": 20.0,
    "p99": 91.7,
    "n": 17031
  },
  "long_term_fuel_trim": {
    "median": 0.0,
    "mad": 2.34375,
    "scale": 3.474844,
    "p01": -10.15625,
    "p99": 8.59375,
    "n": 17031
  },
  "intake_manifold_pressure": {
    "median": 35.294117,
    "mad": 5.490196,
    "scale": 8.139765,
    "p01": 16.470589,
    "p99": 63.92157,
    "n": 17031
  },
  "intake_air_temp": {
    "median": 5.0,
    "mad": 6.0,
    "scale": 8.8956,
    "p01": -14.0,
    "p99": 28.0,
    "n": 17030
  },
  "throttle": {
    "median": 30.588236,
    "mad": 5.490196,
    "scale": 8.139765,
    "p01": 18.431372,
    "p99": 88.90196,
    "n": 17031
  },
  "timing_advance": {
    "median": 482.099976,
    "mad": 57.899964,
    "scale": 85.842487,
    "p01": 79.557999,
    "p99": 593.200012,
    "n": 17030
  },
  "control_module_voltage": {
    "median": 12.54902,
    "mad": 12.54902,
    "scale": 18.605177,
    "p01": 0.0,
    "p99": 100.0,
    "n": 17030
  },
  "barometric_pressure": {
    "median": 0.0,
    "mad": 0.0,
    "scale": 2.50056,
    "p01": 0.0,
    "p99": 12.156863,
    "n": 17030
  },
  "fuel_air_equiv_ratio": {
    "median": 101.0,
    "mad": 1.0,
    "scale": 1.4826,
    "p01": 100.0,
    "p99": 103.0,
    "n": 17031
  },
  "catalyst_temp_s1": {
    "median": 354.299988,
    "mad": 65.800018,
    "scale": 97.555107,
    "p01": 30.099998,
    "p99": 464.600006,
    "n": 17030
  },
  "catalyst_temp_s2": {
    "median": 13.75,
    "mad": 0.098,
    "scale": 0.145295,
    "p01": 13.105,
    "p99": 14.238,
    "n": 17030
  },
  "total_fuel_trim": {
    "median": 35.0,
    "mad": 6.4375,
    "scale": 9.544237,
    "p01": 20.78125,
    "p99": 93.971875,
    "n": 17031
  },
  "load_vs_throttle": {
    "median": 51.666668,
    "mad": 9.627449,
    "scale": 14.273656,
    "p01": -8.390198,
    "p99": 68.568628,
    "n": 17031
  },
  "map_vs_throttle": {
    "median": 4.705883,
    "mad": 9.411764,
    "scale": 13.953881,
    "p01": -56.470589,
    "p99": 38.313725,
    "n": 17031
  },
  "rpm_per_speed": {
    "median": 0.95625,
    "mad": 0.95625,
    "scale": 1.417736,
    "p01": 0.0,
    "p99": 2.993478,
    "n": 17031
  },
  "coolant_vs_load": {
    "median": -87.5625,
    "mad": 2.125,
    "scale": 3.150525,
    "p01": -93.46875,
    "p99": -31.9125,
    "n": 17031
  },
  "catalyst_delta": {
    "median": 340.569988,
    "mad": 65.811006,
    "scale": 97.571397,
    "p01": 16.01274,
    "p99": 450.811006,
    "n": 17030
  }
}